テンプレート名,得意先名,商品名,担当者,取引区分(1:通常 2:売掛 3:現金),取引方法(0:自動)
東栄住宅,㈱東栄住宅　松戸,売上,1007,1,0:自動
飯田産業,㈱飯田産業　松戸,売上,1007,1,0:自動
個人邸,個人邸　松戸,売上,1007,1,0:自動
アーキテクト,㈱ｵｰﾌﾟﾝﾊｳｽｱｰｷﾃｸﾄ　松戸,売上,1007,1,0:自動
SKｴﾝｼﾞﾆｱﾘﾝｸﾞ,㈲エスケイエンジニアリング　松戸,売上,1007,1,0:自動
アイユニット,㈱アイユニットコーポレーション　松戸,売上,1007,1,0:自動
飯田産業,㈱飯田産業　松戸,売上,1007,1,0:自動
パパまる,㈱ﾋﾉｷﾔｸﾞﾙｰﾌﾟ　ﾊﾟﾊﾟまるﾊｳｽｶﾝﾊﾟﾆｰ　松戸,売上,1007,1,0:自動
ウェルス,㈱ウェルス　松戸,売上,1007,1,0:自動
OHD外構,㈱ｵｰﾌﾟﾝﾊｳｽ･ﾃﾞｨﾍﾞﾛｯﾌﾟﾒﾝﾄ　松戸,売上,1007,1,0:自動
ワカナ開発,㈱ワカナ開発　松戸,売上,1007,1,0:自動
ネクスト,㈱ネクスト　松戸,売上,1007,1,0:自動
ヴァルテックス,ヴァルテックス㈱　松戸,売上,1007,1,0:自動
タクト,タクトホーム㈱　松戸,売上,1007,1,0:自動
さんぷらす,㈱さんぷらす　松戸,売上,1007,1,0:自動
サンウエスト,サンウエストホーム㈱　松戸,売上,1007,1,0:自動
トークス,㈱ﾄｰｸｽｺｰﾎﾟﾚｰｼｮﾝ　松戸,売上,1007,1,0:自動
豊栄,㈲豊永ﾌﾟﾗﾝﾆﾝｸﾞ　松戸,売上,1007,1,0:自動
東栄ﾋﾞﾙﾄﾞ,㈱東栄ﾋﾞﾙﾄﾞ　松戸,売上,1007,1,0:自動
グラシオ,ｸﾞﾗｼｵ㈱　松戸,売上,1007,1,0:自動
テクノホーム,㈱ﾃｸﾉﾎｰﾑ　松戸,売上,1007,1,0:自動
ナテックス,㈱ﾅﾃｯｸｽ　松戸,売上,1007,1,0:自動
ﾔﾏﾀﾞﾎｰﾑｽﾞ,㈱ﾔﾏﾀﾞﾎｰﾑｽﾞ　松戸,売上,1007,1,0:自動
早稲田ハウス,早稲田ﾊｳｽ㈱　松戸,売上,1007,1,0:自動
OHD先行,㈱ＯＨＤ先行　松戸,売上,1007,1,0:自動
ホームワーク,ホームワーク㈱　松戸,売上,1007,1,0:自動
ダイユウホーム,ダイユウホーム㈱　松戸,売上,1007,1,0:自動
メルディア,㈱メルディア　松戸,売上,1007,1,0:自動
ココリバー,ココリバー㈱　松戸,売上,1007,1,0:自動
スマートプラス,スマートプラス　松戸,売上,1007,1,0:自動
